INSERT INTO shop.Makers(maker_id, maker, country)
VALUES (1, 'LG', 'South Korea'),
       (2, 'Samsung', 'South Korea'),
	   (3, 'Sony', 'Japan'),
	   (4, 'Калибр', 'Russia'),
	   (5, 'ASUS', 'Taiwan'),
	   (6, 'Xiaomi', 'China'),
	   (7, 'Redmond', 'Russia'),
	   (8, 'Indesit', 'Italy'),
	   (9, 'Атлант', 'Russia'),
	   (10, 'Makita', 'Japan'),
	   (11, 'KitFort', 'Russia'),
	   (12, 'Philips', 'Netherlands'),
	   (13, 'Canon', 'Japan'),
	   (14, 'Navitel', 'Russia'),
	   (15, 'Hyundai', 'Korea');
	   
	   
 INSERT INTO shop.Category_name(category_id, category)
 VALUES (1, 'Смартфоны и гаджеты'),
 		(2, 'Ноутбуки и компьютеры'),
		(3, 'Телевизоры'),
		(4, 'Фото и видео техника'),
		(5, 'Бытовая техника для дома и кухни'),
		(6, 'Строительство и ремонт'),
		(7, 'Красота и здоровье'),
		(8, 'Автотовары'),
		(9, 'Дом и дача');



INSERT INTO shop.Subcategory_name(subcategory_id, subcategory, category_id)
VALUES (1, 'Смартфоны', 1),
       (2, 'Планшеты', 1),
	   (3, 'Наушники', 1),
	   (4, 'Ноутбуки', 2),
	   (5, 'Мониторы', 2),
	   (6, 'Системные блоки', 2),
	   (7, 'Телевизоры FHD', 3),
	   (8, 'Телевизоры 4K UHD', 3),
	   (9, 'Холодильники', 5),
	   (10, 'Стиральные машины', 5),
	   (11, 'Электроплиты', 5),
	   (12, 'Блендеры', 5),
	   (13, 'Чайники электрические', 5),
	   (14, 'Пылесосы', 5),
	   (15, 'Мультиварки', 5),
	   (17, 'Перфораторы', 6),
	   (18, 'Рубанки', 6),
	   (19, 'Фены', 7),
	   (20, 'Щипцы для завивки', 7),
	   (21, 'Часы', 7),
	   (22, 'Эпиляторы', 7),
	   (23, 'Навигаторы GPS', 8),
	   (24, 'Автомагнитолы', 8),
	   (25, 'Аккумуляторы', 8),
	   (26, 'Газонокосилки', 9),
	   (27, 'Цепные пилы', 9),
	   (28, 'Зеркальные фотоаппараты', 4),
	   (29, 'Цифровые фотоаппараты', 4),
	   (30, 'Экшн-камеры', 4);
	   
INSERT INTO shop.Makers_dep_category(string_id, maker_id, category)
VALUES (1, 1, 'Ноутбуки и компьютеры'),
       (2, 1, 'Телевизоры'),
	   (3, 1, 'Бытовая техника для дома и кухни'),
	   (4, 2, 'Бытовая техника для дома и кухни'),
	   (5, 2, 'Телевизоры'),
	   (6, 2, 'Смартфоны и гаджеты'),
	   (7, 2, 'Красота и здоровье'),
	   (8, 3, 'Фото и видео техника'),
	   (9, 3, 'Смартфоны и гаджеты'),
	   (10, 3, 'Автотовары'),
	   (11, 4, 'Строительство и ремонт'),
	   (12, 5, 'Ноутбуки и компьютеры'),
	   (13, 6, 'Красота и здоровье'),
	   (14, 6, 'Смартфоны и гаджеты'),
	   (15, 6, 'Телевизоры'),
	   (16, 7, 'Бытовая техника для дома и кухни'),
	   (17, 8, 'Бытовая техника для дома и кухни'),
	   (18, 9, 'Бытовая техника для дома и кухни'),
	   (19, 10, 'Строительство и ремонт'),
	   (20, 10, 'Дом и дача'),
	   (21, 11, 'Бытовая техника для дома и кухни'),
	   (22, 12, 'Бытовая техника для дома и кухни'),
	   (23, 12, 'Красота и здоровье'),
	   (24, 12, 'Телевизоры'),
	   (25, 12, 'Ноутбуки и компьютеры'),
	   (26, 13, 'Фото и видео техника'),
	   (27, 14, 'Автотовары'),
	   (28, 15, 'Строительство и ремонт'),
	   (29, 15, 'Смартфоны и гаджеты'),
	   (30, 15, 'Автотовары'),
	   (31, 15, 'Красота и здоровье'),
	   (32, 15, 'Бытовая техника для дома и кухни'),
	   (33, 15, 'Дом и дача');
	   

	   
INSERT INTO shop.Products(article_no, subcategory_id, product_name, cost,
						  characteristic_desc, installments_per_month, maker, availability)
VALUES (1474963, 1, 'Смартфон Samsung Galaxy A02 32Gb, SM-A022, черный', 10990, 
	   '4x(1.5 ГГц), 2 Гб, 2 SIM, PLS, 1600x720, камера 13+2 Мп, 4G, GPS, FM, 5000 мА*ч', 643, 'Samsung', '1'),
	   (1257069, 7, 'Телевизор LED Samsung UE32N5000AUXRU черный', 24499, 
	   'FullHD, 1920x1080, DVB-T2, DVB-C, DVB-S2, HDMI х 2, USB х 1', 2785, 'Samsung', '1'),
	   (1098436, 14, 'Пылесос Samsung SC8835 белый', 10999, 
	   '2200 Вт, уборка: сухая, пылесборник - контейнер, 2 л', 1095, 'Samsung', '1'),
	   (14851798, 21, 'Часы смарт Samsung Galaxy Watch4 40mm', 16999, 
	   'корпус - розовый, ремешок - розовый, Android 6.0 и выше, Bluetooth, Wi-Fi, NFC, IP68', 1695, 'Samsung', '1'),
	   (4885891, 8, 'Телевизор LED LG U43G9000C/G серый, 43" (108 см) ', 22999, 
	   '4K UltraHD, 3840x2160, DVB-S2, DVB-C, DVB-T2, DVB-T, Wi-Fi, Яндекс.ТВ, HDMI х 3, USB х 2 ', 2242, 'LG', '1'),
	   (5009693, 4, 'Ноутбук LG Gram 14 серебристый, 14"', 99999, 
	   '4K UltraHD, 3840x2160, DVB-S2, DVB-C, DVB-T2, DVB-T, Wi-Fi, Яндекс.ТВ, HDMI х 3, USB х 2 ', 9748, 'LG', '1'),
	   (1614991, 9, 'Холодильник с морозильником LG GA-B459CEWL бежевый', 54999, 
	   '341 л, внешнее покрытие-металл, размораживание - No Frost, дисплей, 59.5 см х 186 см х 68.2 см', 5361, 'LG', '1'),
	   (1272535, 29, 'Цифровой фотоаппарат Sony RX-100 VA (DSC-RX100M5A) черный', 59999, 
	   '3", 20.1 Мп, CMOS, 5472 x 3648, 2.9 xZoom, f/1.8-2.8, Wi-Fi', 5849, 'Sony', '1'),
	   (1157958, 24, 'Автомагнитола Sony DSX-A110U', 5499, 
	   '1 DIN, 220 Вт, AUX, USB', 536, 'Sony', '1'),
	   (4800502, 1, '6.1" Смартфон Sony Xperia 5 III 256 ГБ черный', 99999, 
	   '8x(2.84 ГГц, 2.42 ГГц, 1.8 ГГц), 8 Гб, 2 SIM, OLED, 2520x1080, камера 12+12+12 Мп, NFC, 5G, GPS, 4500 мА*ч', 9748, 'Sony', '1'),
	   (1385783, 3, 'Наушники TWS Sony WF-1000XM3 черный', 13499, 
	   '2.0, внутриканальные, 20 Гц - 20000 Гц, Bluetooth 5.0, черный', 1360, 'Sony', '1'),
	   (1174595, 17, 'Перфоратор Калибр ЭП-800', 4180, 
	   '800 Вт, односкоростной, 2,8 Дж, патрон один, SDS-plus', 245, 'Калибр', '1'),
	   (4801034, 4, 'Ноутбук ASUS ROG Strix G15 Advantage Edition G513QY-HQ007 черный, 15.6" ', 169999, 
	   'Quad HD 2K (2560x1440), IPS, AMD Ryzen 9 5900HX, ядра: 8 х 3.3 ГГц, RAM 16 ГБ, SSD 512 ГБ, Radeon RX 6800M 12 ГБ, без ОС', 16572, 'ASUS', '1'),
	   (4857240, 5, 'Монитор ASUS TUF Gaming VG27AQZ черный ,27"', 34899, 
	   '2560x1440@165 Гц, IPS, 1 мс, 1000 : 1, 350 Кд/м², 178°/178°, DisplayPort, HDMI, NVIDIA G-SYNC Compatible', 3402, 'ASUS', '1'),
	   (4819473, 6, 'ПК ASUS ROG Strix G15DK-R5600X0570 [90PF02Q1-M09360]', 154999, 
	   'AMD Ryzen 5 5600X, 6x3.7 ГГц, 16 ГБ DDR4, GeForce RTX 3070, SSD 512 ГБ, без ОС', 4700, 'ASUS', '1'),
	   (1399454, 19, 'Фен Xiaomi Mi Ionic Hair dryer белый', 3999, 
	   'компактный, 1800 Вт, подача холодного воздуха, турмалиновая ионизация, шнур - 1.7 м', 390, 'Xiaomi', '1'),
	   (1690841, 3, 'Наушники TWS Xiaomi Mi True Wireless Earbuds Basic 2 черный', 1799, 
	   '2.0, внутриканальные, Bluetooth 5.0', 175, 'Xiaomi', '1'),
	   (1678779, 1, '6.53" Смартфон Xiaomi Redmi 9A 32 ГБ синий', 9999, 
	   '8x(2 ГГц), 2 Гб, 2 SIM, IPS, 1600x720, камера 13 Мп, 4G, GPS, 5000 мА*ч', 990, 'Xiaomi', '1'),
	   (5007353, 8, 'Телевизор LED Xiaomi MI TV P1 50 черный, 50" (127 см)', 39999, 
	   '4K UltraHD, 3840x2160, DVB-S2, DVB-C, DVB-T2, Wi-Fi, Android TV, HDMI х 3, USB х 2', 3890, 'Xiaomi', '1'),
	   (0197727, 15, 'Мультиварка Redmond RMC-M12 черный', 4599, 
	   '3 л, 500 Вт, управление - кнопки, программ - 10, поддержание температуры, отложенный старт', 448, 'Redmond', '1'),
	   (1314498, 13, 'Чайник электрический Redmond RK-G185 серый', 1750, 
	   '1.7 л, 2200 Вт, скрытый нагревательный элемент, фильтр, материал корпуса - пластик', 175, 'Redmond', '1'),
	   (1376249, 12, 'Блендер стационарный Redmond RSB-M3422 серебристый', 4499, 
	   '750 Вт, скоростей - 2, 800 мл, измельчитель, стаканк', 490, 'Redmond', '1'),
	   (1357270, 11, 'Электрическая плита INDESIT IS5V5PMW/RU белый', 35999, 
	   'поверхность - стеклокерамика, конфорок - 4 шт, духовка - 57 л, гриль, 85 см x 50 см x 60 см', 3564, 'Indesit', '1'),
	   (0156548, 10, 'Стиральная машина Indesit IWUD 4085 (CIS)', 22999, 
	   'стирка - 4 кг, фронтальная загрузка, расход 39 л, отжим - 800 об/мин, программ - 16, 59 дБ, 59.5 см x 85 см x 33 см', 2260, 'Indesit', '1'),
	   (1356137, 10, 'Стиральная машина Indesit BWSB 51051 S', 24999, 
	   'стирка - 5 кг, фронтальная загрузка, отжим - 1000 об/мин, программ - 16, 61 дБ, 59.5 см x 85 см x 42.5 см', 2490, 'Indesit', '1'),
	   (1613309, 10, 'Стиральная машина LG F1296HDS3', 43999, 
	   'стирка - 7 кг, фронтальная загрузка, расход 56 л, отжим - 1200 об/мин, программ - 13, пар, 55 дБ, 60 см x 85 см x 44 см', 4289, 'LG', '1'),
	   (5300541, 9, 'Холодильник с морозильником Indesit ITD 4180 W белый', 37999, 
	   '298 л, размораживание - No Frost, 60 см х 185 см х 64 см', 3687, 'LG', '1'),
	   (5002012, 2, 'Планшет Samsung Galaxy Tab A8 LTE 32 ГБ 3G, LTE серый, 10.5"', 18990, 
	   '1920x1200, TFT PLS, 8x2 ГГц, 3 ГБ, BT, GPS, 7040 мА*ч, Android 11.x п', 1852, 'Samsung', '1'),
	   (4868167, 2, 'Планшет Xiaomi Pad 5 128 ГБ серый 11"', 44999, 
	   '2560x1600, IPS, 8x1.8 ГГц, 2.96 ГГц, 2.42 ГГц, 6 ГБ, BT, 8720 мА*ч, Android 11.x', 4387, 'Xiaomi', '1'),
	   (4861267, 9, 'Холодильник компактный ATLANT Х 2401-100 белый', 17000, 
	   '118 л, внешнее покрытие-пластик, металл, размораживание - ручное, 55 см х 85 см х 58 см', 1657, 'Атлант', '1'),
	   (4868139, 9, 'Холодильник с морозильником ATLANT МХМ 2808-90 белый', 28499, 
	   '255 л, внешнее покрытие-пластик, металл, размораживание - ручное, 60 см х 154 см х 63 см', 2778, 'Атлант', '1'),
	   (1165137, 18, 'Рубанок Makita DKP180RFE LXT 18V', 27259, 
	   '14000 об/мин, глубина - 2 мм, ширина - 82 мм, 18 В, Li-Ion, 3 А*ч, 2хАКБ, 3.4 кг', 2548, 'Makita', '1'),
	   (8142276, 26, 'Газонокосилка Makita ELM3320', 9999, 
	   '1200 Вт, 30 л, 96 дБ, от 20 мм до 55 мм, ширина - 330 мм', 950, 'Makita', '1'),
	   (8147288, 26, 'Газонокосилка Makita ELM4621', 37199, 
	   'самоходная, 1800 Вт, 2.4 л.с., 2950 об/мин, 60 л, 95 дБ, от 20 мм до 75 мм, ширина - 460 мм', 3626, 'Makita', '1'),
	   (1064669, 18, 'Рубанок AEG PL 750', 5799, 
	   '750 Вт, 17000 об/мин, глубина - 2 мм, ширина - 82 мм, 2.9 кг', 565, 'Makita', '1'),
	   (8067879, 13, 'Чайник электрический Kitfort KT-653-1 голубой', 1499, 
	   '1 л, 1100 Вт, скрытый нагревательный элемент, фильтр, материал корпуса - пластик, термостойкое стекло подробнее', 140, 'KitFort', '1'),
	   (8108782, 15, 'Мультиварка Kitfort KT-2010 серебристый', 2899, 
	   '3.5 л, 200 Вт, управление - поворотный механизм, программ - 3, поддержание температуры', 270, 'KitFort', '1'),
	   (5353298, 15, 'Электроплита компактная  KITFORT КТ-152 серебристый', 5199, 
	   '3.5 л, 200 Вт, управление - поворотный механизм, программ - 3, поддержание температуры', 507, 'KitFort', '1'),
	   (1355916, 22, 'Эпилятор Philips BRE225/00', 2499, 
	   'белый, фиолетовый, скорости - 2, пинцетов/дисков - 20, съемные насадки/головки - 1 шт, питание - от сети', 244, 'Philips', '1'),
	   (1389395, 22, 'Эпилятор Philips BRP506/00', 4299, 
	   'белый, розовый, скорости - 2, пинцетов/дисков - 21, съемные насадки/головки - 1 шт, питание - от сети', 419, 'Philips', '1'),
	   (1385395, 7, 'Телевизор LED Philips 43PFS5505/60 черный 43" (108 см)', 31199, 
	   'FullHD, 1920x1080, DVB-S2, DVB-S, DVB-C, DVB-T2, HDMI х 2, USB х 1', 3119, 'Philips', '1'),
	   (1613210, 5, 'Монитор Philips 221V8 черный 21.5"', 12999, 
	   '1920x1080@75 Гц, VA, 4 мс, 3000 : 1, 250 Кд/м², 178°/178°, HDMI, VGA (D-Sub), AMD FreeSync', 1290, 'Philips', '1'),
	   (1037757, 14, 'Пылесос Philips FC8383/01 черный', 7099, 
	   '2000 Вт, уборка: сухая, пылесборник - мешок, 3 л', 692, 'Philips', '1'),
	   (1325042, 28, 'Зеркальный фотоаппарат Canon EOS 2000D kit 18-55mm DC черный', 51999, 
	   '24.7 Мп, CMOS, 22.3 х 14.9 мм, 3 кадр./сек, диафрагма - f/3.5-5.6, 100-6400 ISO, Wi-Fi, GPS, NFC ', 4894, 'Canon', '1'),
	   (1665600, 28, 'Зеркальный фотоаппарат Canon EOS 850D Body черный', 75999, 
	   '25.8 Мп, CMOS, 22.3 х 14.9 мм, 7 кадр./сек, 100-25600 ISO, Wi-Fi, экран - сенсорный ', 7409, 'Canon', '1'),
	   (1051977, 29, 'Цифровой фотоаппарат Canon PowerShot G7X Mark II черный', 49999, 
	   '3", 20.1 Мп, CMOS, 5472 x 3648, 4.2 xZoom, f/1.8-2.8, Wi-Fi, NFC', 4800, 'Canon', '1'),
	   (1079468, 30, 'Экшн-камера Sony FDR-X3000R белый', 38199, 
	   '8.2 Мп, 3840x2160 30 кадр./сек, угол 170°, NFC, GPS, подводный бокс, экран, 1240 мА*ч ', 4800, 'Sony', '1'),
	   (1079475, 30, 'Экшн-камера Sony FDR-X3000 белый', 33200, 
	   '8.2 Мпикс, 3840x2160 30 кадр/сек, угол 170º, GPS, подводный бокс, 1240 мА*ч', 3000, 'Sony', '0'),
	   (5337673, 20, 'Щипцы для завивки волос Xiaomi Enchen Enrollor Pro', 2199, 
	   'белый, гофре, режимов - 3, до 200 °C, керамическое покрытие', 241, 'Xiaomi', '1'),
	   (1100944, 5, 'Щипцы для завивки волос Philips BHB871', 3499, 
	   'черный, розовый, конические, режимов - 9, диаметр - 25 мм, 13 мм, до 210 °C, керамико-кератиновое покрытие', 341, 'Philips', '1'),
	   (7947689, 27, 'Бензопила Makita EA3203S40B', 22099, 
	   '32 см³, 1350 Вт, 1.81 л.с., шина - 40 см, паз шины - 1.3 мм, шаг цепи - 9.3 мм (3/8"), 4.1 кг', 2154, 'Makita', '1'),
	   (8194007, 27, 'Бензопила Hyundai Х 3916', 13499, 
	   '37.2 см³, 1500 Вт, 2 л.с., шина - 40 см, паз шины - 1.3 мм, шаг цепи - 9.3 мм (3/8"), 5.8 кг', 1316, 'Hyundai', '1'),
	   (1047635, 23, 'GPS навигатор NAVITEL N400', 1499, 
	   '4.3", 480x272, 4096 МБ, 800 МГц, Windows CE, NAVITEL', 136, 'Navitel', '0'),
	   (1286343, 23, 'GPS навигатор NAVITEL DN505 Magnetic', 4499, 
	   '5", 480x272, 8192 МБ, 800 МГц, Linux, NAVITEL', 439, 'Navitel', '1'),
	   (1047644, 23, 'GPS навигатор NAVITEL G500', 6999, 
	   '5", 480x272, 4096 МБ, 800 МГц, ГЛОНАСС, Windows CE, NAVITEL', 682, 'Navitel', '1'),
	   (6633490, 17, 'Перфоратор Hyundai H 850', 4999, 
	   'SDS-Plus, 800 Вт, 2.5 Дж, 930 об/мин, 5000 уд/мин, кейс, 3 кг', 487, 'Hyundai', '1'),
	   (1425308, 25, 'Аккумулятор автомобильный Hyundai CMF 65Ач 520A', 7400, 
	   'кальциевый, 12В, 65Ач, 520А, обратная олярность, необслуживаемый', 433, 'Hyundai', '1'),
	   (1423408, 25, 'Аккумулятор автомобильный Hyundai CMF', 5600, 
	   'кальциевый, 12В,  55Ач 550A, обратная олярность, необслуживаемый', 353, 'Hyundai', '0'),
	   (5335948, 19, 'Фен Hyundai H-HDI0770 золотистый', 3050, 
	   'полноразмерный, 1800 Вт, турмалиновая ионизация, шнур - 1.7 м', 259, 'Hyundai', '1'),
	   (5321001, 26, 'Газонокосилка Hyundai LE 3220', 8200, 
	   '1100 Вт, 3400 об/мин, 83 дБ, от 20 мм до 60 мм, ширина - 320 мм', 800, 'Hyundai', '1'),
	   (5301112, 26, 'Пылесос Hyundai H-VCC03 красный', 4399, 
	   '1800 Вт, уборка: сухая, пылесборник - контейнер, 2 л', 429, 'Hyundai', '1'),
	   (1473023, 3, 'Гарнитура Hyundai H-HP300GY', 1490, 
	   '3.5 мм/Bluetooth, накладные, серый, закрытый аккуст. тип', 129, 'Hyundai', '1');
	   
	   
INSERT INTO shop.Points(point_of_issue_no, town, adress)
VALUES 	(1, 'Москва', 'наб. Славы, 29'),
		(2, 'Москва', 'Мичурина ул., д. 1'),
		(3, 'Санкт-Петербург', 'Лесной пер., д. 24'),
		(4, 'Санкт-Петербург', 'Новая ул., д. 1'),
		(5, 'Волгоград', 'Комсомольская ул., д. 12'),
		(6, 'Нижний Новгород', 'Светлая ул., д. 9'),
		(7, 'Челябинск', 'Молодежная ул., д. 3'),
		(8, 'Новосибирск', 'Коммунистическая ул., д. 15'),
		(9, 'Казань', 'бульвар Космонавтов, д. 99'),
		(10, 'Фролово', 'бульвар Домодедовская, д. 88'),
		(11, 'Иркутск', 'Чапаева ул., д. 6'),
		(12, 'Омск', 'Кирова ул., д. 13'),
		(13, 'Владивосток', 'Западная ул., д. 7'),
		(14, 'Севастополь', 'Гагарина ул., д. 20'),
		(15, 'Набережные Челны', 'Зеленая ул., д. 17, стр.1'),
		(16, 'Балашиха', 'Майская ул., д. 6'),
		(17, 'Грозный', 'Садовая ул., д. 17 '),
		(18, 'Тюмень', 'Шоссейная ул., д. 8'),
		(19, 'Чита', 'Радужная ул., д. 2'),
		(20, 'Воронеж', 'Белорусская ул., д. 12');
		
	

INSERT INTO shop.Customers(customer_id, name, point_of_issue_no)
VALUES 	(1, 'Елисеев Тимур Степанович', '5'),
		(2, 'Михеев Святослав Анатольевич', '6'),
		(3, 'Овчинников Евгений Валентинович', '7'),
		(4, 'Борисов Арсений Артемович', '8'),
		(5, 'Николаев Аркадий Филатович', '9'),
		(6, 'Поляков Вилен Тимурович', '10'),
		(7, 'Елисеев Тимур Степанович', '11'),
		(8, 'Михеев Святослав Анатольевич', '12'),
		(9, 'Панфилов Тарас Лаврентьевич', '13'),
		(10, 'Афанасьев Лазарь Авдеевич', '14'),
		(11, 'Громов Кирилл Владимирович', '15'),
		(12, 'Волков Борис Олегович', '16'),
		(13, 'Гришин Иннокентий Данилович', '18'),
		(14, 'Дементьев Даниил Дмитриевич', '17'),
		(15, 'Коновалов Лаврентий Борисович', '19'),
		(16, 'Поляков Вилен Тимурович', '20'),
		(17, 'Герасимов Давид Игоревич', '1'),
		(18, 'Ситников Артур Евсеевич', '2'),
		(19, 'Беляков Виктор Еремеевич', '3'),
		(20, 'Фомичёв Давид Игоревич', '4'),
		(21, 'Панфилова Алёна Ярославовна', '5'),
		(22, 'Власова Римма Семёновна', '6'),
		(23, 'Брагина Екатерина Данииловна', '7'),
		(24, 'Панова София Макаровна', '8'),
		(25, 'Голубева Тереза Наумовна', '9'),
		(26, 'Поляков Вилен Тимурович', '10'),
		(27, 'Ершова Зоя Авдеевна', '11'),
		(28, 'Гордеева Яна Эльдаровна', '12'),
		(29, 'Родионова Рая Семеновна', '13'),
		(30, 'Пономарёва Милолика Тимуровна', '14'),
		(31, 'Ефимова Мила Александровна', '15'),
		(32, 'Терентьева Аделина Георгьевна', '16'),
		(33, 'Тарасова Наталия Куприяновна', '18'),
		(34, 'Беднякова Алиса Валентиновна', '17'),
		(35, 'Гришина Софья Ивановна', '19'),
		(36, 'Денисова Александра Матвеевна', '20'),
		(37, 'Комарова Аделина Александровна', '1'),
		(38, 'Захарова Алия Андреевна', '2'),
		(39, 'Морозова Марина Константиновна', '3'),
		(40, 'Васильева Дарья Владимировна', '4');
		

		
INSERT INTO shop.Orders(order_no, customer_id, date_d, products_name, sum_amt)
VALUES 	(1569, 6, '2022-01-10', (SELECT STRING_AGG(product_name, '; ') FROM shop.Products WHERE article_no in (1474963, 1257069)) , 
		(select sum(cost) as sum_amt from (select cost as cost from shop.Products where products.article_no=1474963
																 union
																 select cost as cost
																 from shop.Products
																 where products.article_no=1257069) as cost1)),
		(1673, 29, '2022-03-29', (SELECT STRING_AGG(product_name, '; ') FROM shop.Products WHERE article_no in (1272535, 1376249)) , 
		(select sum(cost) as sum_amt from (select cost as cost from shop.Products where products.article_no=1272535
																 union
																 select cost as cost
																 from shop.Products
																 where products.article_no=1376249) as cost1)),
		(1573, 12, '2022-02-27', (SELECT STRING_AGG(product_name, '; ') FROM shop.Products WHERE article_no in (7947689, 8147288, 1473023)) , 
		(select sum(cost) as sum_amt from (select cost as cost from shop.Products where products.article_no=7947689
																 union
																 select cost as cost
																 from shop.Products
																 where products.article_no=8147288
										  						 union
										  						 select cost as cost
																 from shop.Products
																 where products.article_no=1473023) as cost1)),
		(1502, 39, '2022-01-29', (SELECT STRING_AGG(product_name, '; ') FROM shop.Products WHERE article_no in (1100944, 1389395)) , 
		(select sum(cost) as sum_amt from (select cost as cost from shop.Products where products.article_no=1100944
																 union
																 select cost as cost
																 from shop.Products
																 where products.article_no=1389395) as cost1)),
		(1689, 15, '2022-03-03', (SELECT STRING_AGG(product_name, '; ') FROM shop.Products WHERE article_no in (14851798, 1423408)) , 
		(select sum(cost) as sum_amt from (select cost as cost from shop.Products where products.article_no=14851798
																 union
																 select cost as cost
																 from shop.Products
																 where products.article_no=1423408) as cost1)),
		(1082, 19, '2022-02-09', (SELECT STRING_AGG(product_name, '; ') FROM shop.Products WHERE article_no in (1079475, 6633490)) , 
		(select sum(cost) as sum_amt from (select cost as cost from shop.Products where products.article_no=1079475
																 union
																 select cost as cost
																 from shop.Products
																 where products.article_no=6633490) as cost1)),
		(1347, 34, '2022-01-29', (SELECT STRING_AGG(product_name, '; ') FROM shop.Products WHERE article_no in (8067879)) , 
		(select sum(cost) as sum_amt from (select cost as cost from shop.Products where products.article_no=8067879) as cost)),
		(1178, 14, '2022-05-03', (SELECT STRING_AGG(product_name, '; ') FROM shop.Products WHERE article_no in (5353298, 4819473, 1047644)) , 
		(select sum(cost) as sum_amt from (select cost as cost from shop.Products where products.article_no=5353298
																 union
																 select cost as cost
																 from shop.Products
																 where products.article_no=4819473
										  						 union
										  						 select cost as cost
																 from shop.Products
																 where products.article_no=1047644) as cost1)),
		(1008, 23, '2022-04-30', (SELECT STRING_AGG(product_name, '; ') FROM shop.Products WHERE article_no in (1474963, 4861267)) , 
		(select sum(cost) as sum_amt from (select cost as cost from shop.Products where products.article_no=1474963
																 union
																 select cost as cost
																 from shop.Products
																 where products.article_no=4861267) as cost1)),
		(1908, 20, '2022-03-24', (SELECT STRING_AGG(product_name, '; ') FROM shop.Products WHERE article_no in (1613210, 1613309)) , 
		(select sum(cost) as sum_amt from (select cost as cost from shop.Products where products.article_no=1613210
																 union
																 select cost as cost
																 from shop.Products
																 where products.article_no=1613309) as cost1));
																 
																 

UPDATE shop.Products
SET availability = '0'
WHERE article_no=5300541;


UPDATE shop.Products
SET availability = '1'
WHERE article_no=1079475;


DELETE FROM shop.Products
WHERE article_no=1665600;

		 
		 
	    
	    
																 
				


		
       
	   
	   
	   
	   
	   
	   
	   
	   
	   
	   
	   
	   
	   
	   
	   
	   
		
	   
	   
	   
	   
	   
	   
	   
	   
	   
	   
	   
	   



	   

	   
 

	   

	   

	   

	   




	   


	   





	   
	   


		